"","baseMean","log2FoldChange","lfcSE","stat","pvalue","padj"
"ADCY7",1542.15908778133,0.691451540266889,0.193956364035388,3.56498506097346,0.000363876913822968,0.0926673207202491
"DHX15",1033.33063243374,1.11003330162446,0.317410249937489,3.49715644609169,0.000470245971224156,0.0979821605496151
"MTOR",1069.1307713746,0.557209107379162,0.155509960735016,3.58310879088079,0.000339529114529519,0.0926673207202491
